characterId,codename,rigFamily,category,kind,clipName,path,sourcePath,isWalk,loopTime,loopMetadataMatches,metadataConflict,stopTime,sampleRate,assetSize,bundleIndex,bundleName
chr_0002_endminm,endminm,Boy,dialog,walk_other,a_actor_endminm_dialog_single_bamboowalk,assets/beyond/arts/entity/actor/boy/endminm/animations/dialog/a_actor_endminm_dialog_single_bamboowalk.fbx##a_actor_endminm_dialog_single_bamboowalk,assets/beyond/arts/entity/actor/boy/endminm/animations/dialog/a_actor_endminm_dialog_single_bamboowalk.fbx,True,False,1,False,10.000001,60.0,552490,193457,main/cfff5ed8734b7aea3cacc013.ab
chr_0002_endminm,endminm,Boy,dialog,walk_other,a_actor_endminm_dialog_single_walksit_derived_talk,assets/beyond/arts/entity/actor/boy/endminm/animations/dialog/a_actor_endminm_dialog_single_walksit_derived_talk.fbx##a_actor_endminm_dialog_single_walksit_derived_talk,assets/beyond/arts/entity/actor/boy/endminm/animations/dialog/a_actor_endminm_dialog_single_walksit_derived_talk.fbx,True,False,1,False,5.166667,60.0,172138,176417,main/bdb17b793455e9268cecfd4c.ab
chr_0002_endminm,endminm,Boy,dialog,walk_other,a_actor_endminm_dialog_state_walk_end,assets/beyond/arts/entity/actor/boy/endminm/animations/dialog/a_actor_endminm_dialog_state_walk.fbx##a_actor_endminm_dialog_state_walk_end,assets/beyond/arts/entity/actor/boy/endminm/animations/dialog/a_actor_endminm_dialog_state_walk.fbx,True,False,1,False,3.8000002,60.0,209000,110304,main/761c0207c86c8f5ea6207c05.ab
chr_0002_endminm,endminm,Boy,dialog,walk_loop_named,a_actor_endminm_dialog_state_walk_loop,assets/beyond/arts/entity/actor/boy/endminm/animations/dialog/a_actor_endminm_dialog_state_walk.fbx##a_actor_endminm_dialog_state_walk_loop,assets/beyond/arts/entity/actor/boy/endminm/animations/dialog/a_actor_endminm_dialog_state_walk.fbx,True,True,1,False,2.0833335,60.0,149644,110304,main/761c0207c86c8f5ea6207c05.ab
chr_0002_endminm,endminm,Boy,dialog,walk_other,a_actor_endminm_dialog_state_walk_start,assets/beyond/arts/entity/actor/boy/endminm/animations/dialog/a_actor_endminm_dialog_state_walk.fbx##a_actor_endminm_dialog_state_walk_start,assets/beyond/arts/entity/actor/boy/endminm/animations/dialog/a_actor_endminm_dialog_state_walk.fbx,True,False,1,False,1.6000001,60.0,128222,110304,main/761c0207c86c8f5ea6207c05.ab
chr_0002_endminm,endminm,Boy,dialog,walk_loop_named,a_actor_endminm_dialog_state_walk_longpaopao_loop,assets/beyond/arts/entity/actor/boy/endminm/animations/dialog/a_actor_endminm_dialog_state_walk_longpaopao.fbx##a_actor_endminm_dialog_state_walk_longpaopao_loop,assets/beyond/arts/entity/actor/boy/endminm/animations/dialog/a_actor_endminm_dialog_state_walk_longpaopao.fbx,True,True,1,False,1.0666667,60.0,107942,37383,main/2761d1b327327d17deea86a5.ab
chr_0002_endminm,endminm,Boy,dialog,walk_other,a_actor_endminm_dialog_state_walksit_end,assets/beyond/arts/entity/actor/boy/endminm/animations/dialog/a_actor_endminm_dialog_state_walksit.fbx##a_actor_endminm_dialog_state_walksit_end,assets/beyond/arts/entity/actor/boy/endminm/animations/dialog/a_actor_endminm_dialog_state_walksit.fbx,True,False,1,False,5.1666665,60.0,318046,76680,main/51e2a4cf51c824205456827f.ab
chr_0002_endminm,endminm,Boy,dialog,walk_loop_named,a_actor_endminm_dialog_state_walksit_loop,assets/beyond/arts/entity/actor/boy/endminm/animations/dialog/a_actor_endminm_dialog_state_walksit.fbx##a_actor_endminm_dialog_state_walksit_loop,assets/beyond/arts/entity/actor/boy/endminm/animations/dialog/a_actor_endminm_dialog_state_walksit.fbx,True,True,1,False,6.5,60.0,186094,76680,main/51e2a4cf51c824205456827f.ab
chr_0002_endminm,endminm,Boy,dialog,walk_other,a_actor_endminm_dialog_state_walksit_start,assets/beyond/arts/entity/actor/boy/endminm/animations/dialog/a_actor_endminm_dialog_state_walksit.fbx##a_actor_endminm_dialog_state_walksit_start,assets/beyond/arts/entity/actor/boy/endminm/animations/dialog/a_actor_endminm_dialog_state_walksit.fbx,True,False,1,False,17.666668,60.0,899772,76680,main/51e2a4cf51c824205456827f.ab
chr_0002_endminm,endminm,Boy,dialog,walk_other,a_actor_endminm_dialog_state_walksit_derived_getdocument_end,assets/beyond/arts/entity/actor/boy/endminm/animations/dialog/a_actor_endminm_dialog_state_walksit_derived_getdocument.fbx##a_actor_endminm_dialog_state_walksit_derived_getdocument_end,assets/beyond/arts/entity/actor/boy/endminm/animations/dialog/a_actor_endminm_dialog_state_walksit_derived_getdocument.fbx,True,False,1,False,3.666668,60.0,153728,232389,main/fa1f140b0c9ffaa2db79da60.ab
chr_0002_endminm,endminm,Boy,dialog,walk_loop_named,a_actor_endminm_dialog_state_walksit_derived_getdocument_loop,assets/beyond/arts/entity/actor/boy/endminm/animations/dialog/a_actor_endminm_dialog_state_walksit_derived_getdocument.fbx##a_actor_endminm_dialog_state_walksit_derived_getdocument_loop,assets/beyond/arts/entity/actor/boy/endminm/animations/dialog/a_actor_endminm_dialog_state_walksit_derived_getdocument.fbx,True,True,1,False,3.666668,60.0,114346,232389,main/fa1f140b0c9ffaa2db79da60.ab
chr_0002_endminm,endminm,Boy,dialog,walk_other,a_actor_endminm_dialog_state_walksit_derived_getdocument_start,assets/beyond/arts/entity/actor/boy/endminm/animations/dialog/a_actor_endminm_dialog_state_walksit_derived_getdocument.fbx##a_actor_endminm_dialog_state_walksit_derived_getdocument_start,assets/beyond/arts/entity/actor/boy/endminm/animations/dialog/a_actor_endminm_dialog_state_walksit_derived_getdocument.fbx,True,False,1,False,10.666668,60.0,293478,232389,main/fa1f140b0c9ffaa2db79da60.ab
chr_0002_endminm,endminm,Boy,dialog,walk_single,a_actor_endminm_dialog_virtual_single_walk_l,assets/beyond/arts/entity/actor/boy/endminm/animations/dialog/a_actor_endminm_dialog_virtual_single_walk_l.fbx##a_actor_endminm_dialog_virtual_single_walk_l,assets/beyond/arts/entity/actor/boy/endminm/animations/dialog/a_actor_endminm_dialog_virtual_single_walk_l.fbx,True,False,1,False,4.7333336,60.0,173660,41787,main/2c2302fb071251594e7febd4.ab
chr_0002_endminm,endminm,Boy,dialog,walk_single,a_actor_endminm_dialog_virtual_single_walk_m,assets/beyond/arts/entity/actor/boy/endminm/animations/dialog/a_actor_endminm_dialog_virtual_single_walk_m.fbx##a_actor_endminm_dialog_virtual_single_walk_m,assets/beyond/arts/entity/actor/boy/endminm/animations/dialog/a_actor_endminm_dialog_virtual_single_walk_m.fbx,True,False,1,False,3.766667,60.0,142236,233145,main/faed76205af4ea2f533f4818.ab
chr_0002_endminm,endminm,Boy,dialog,walk_single,a_actor_endminm_dialog_virtual_single_walk_s,assets/beyond/arts/entity/actor/boy/endminm/animations/dialog/a_actor_endminm_dialog_virtual_single_walk_s.fbx##a_actor_endminm_dialog_virtual_single_walk_s,assets/beyond/arts/entity/actor/boy/endminm/animations/dialog/a_actor_endminm_dialog_virtual_single_walk_s.fbx,True,False,1,False,4.0,60.0,143148,12795,main/0cd83a8f7007ec983a42c68f.ab
chr_0003_endminf,endminf,Girl,dialog,walk_other,a_actor_endminf_dialog_single_bamboowalk,assets/beyond/arts/entity/actor/girl/endminf/animations/dialog/a_actor_endminf_dialog_single_bamboowalk.fbx##a_actor_endminf_dialog_single_bamboowalk,assets/beyond/arts/entity/actor/girl/endminf/animations/dialog/a_actor_endminf_dialog_single_bamboowalk.fbx,True,False,1,False,10.000001,60.0,622056,90487,main/60c9d9eac24a0aa7c11073f7.ab
chr_0003_endminf,endminf,Girl,dialog,walk_other,a_actor_endminf_dialog_single_walksit_derived_talk,assets/beyond/arts/entity/actor/girl/endminf/animations/dialog/a_actor_endminf_dialog_single_walksit_derived_talk.fbx##a_actor_endminf_dialog_single_walksit_derived_talk,assets/beyond/arts/entity/actor/girl/endminf/animations/dialog/a_actor_endminf_dialog_single_walksit_derived_talk.fbx,True,False,1,False,5.166667,60.0,174982,52297,main/378413deea36fe9d666ee069.ab
chr_0003_endminf,endminf,Girl,dialog,walk_other,a_actor_endminf_dialog_state_walk_end,assets/beyond/arts/entity/actor/girl/endminf/animations/dialog/a_actor_endminf_dialog_state_walk.fbx##a_actor_endminf_dialog_state_walk_end,assets/beyond/arts/entity/actor/girl/endminf/animations/dialog/a_actor_endminf_dialog_state_walk.fbx,True,False,1,False,3.4833336,60.0,130812,52544,main/37c4cc7c2444331f2128a475.ab
chr_0003_endminf,endminf,Girl,dialog,walk_loop_named,a_actor_endminf_dialog_state_walk_loop,assets/beyond/arts/entity/actor/girl/endminf/animations/dialog/a_actor_endminf_dialog_state_walk.fbx##a_actor_endminf_dialog_state_walk_loop,assets/beyond/arts/entity/actor/girl/endminf/animations/dialog/a_actor_endminf_dialog_state_walk.fbx,True,True,1,False,2.0833335,60.0,102718,52544,main/37c4cc7c2444331f2128a475.ab
chr_0003_endminf,endminf,Girl,dialog,walk_other,a_actor_endminf_dialog_state_walk_start,assets/beyond/arts/entity/actor/girl/endminf/animations/dialog/a_actor_endminf_dialog_state_walk.fbx##a_actor_endminf_dialog_state_walk_start,assets/beyond/arts/entity/actor/girl/endminf/animations/dialog/a_actor_endminf_dialog_state_walk.fbx,True,False,1,False,1.6000001,60.0,95344,52544,main/37c4cc7c2444331f2128a475.ab
chr_0003_endminf,endminf,Girl,dialog,walk_loop_named,a_actor_endminf_dialog_state_walk_longpaopao_loop,assets/beyond/arts/entity/actor/girl/endminf/animations/dialog/a_actor_endminf_dialog_state_walk_longpaopao.fbx##a_actor_endminf_dialog_state_walk_longpaopao_loop,assets/beyond/arts/entity/actor/girl/endminf/animations/dialog/a_actor_endminf_dialog_state_walk_longpaopao.fbx,True,True,1,False,1.0666667,60.0,111002,52525,main/37c1c0bfb3dac23c85dff194.ab
chr_0003_endminf,endminf,Girl,dialog,walk_other,a_actor_endminf_dialog_state_walksit_end,assets/beyond/arts/entity/actor/girl/endminf/animations/dialog/a_actor_endminf_dialog_state_walksit.fbx##a_actor_endminf_dialog_state_walksit_end,assets/beyond/arts/entity/actor/girl/endminf/animations/dialog/a_actor_endminf_dialog_state_walksit.fbx,True,False,1,False,5.1666665,60.0,368860,60196,main/3ffee226ed69c31d73be8783.ab
chr_0003_endminf,endminf,Girl,dialog,walk_loop_named,a_actor_endminf_dialog_state_walksit_loop,assets/beyond/arts/entity/actor/girl/endminf/animations/dialog/a_actor_endminf_dialog_state_walksit.fbx##a_actor_endminf_dialog_state_walksit_loop,assets/beyond/arts/entity/actor/girl/endminf/animations/dialog/a_actor_endminf_dialog_state_walksit.fbx,True,True,1,False,6.5,60.0,151970,60196,main/3ffee226ed69c31d73be8783.ab
chr_0003_endminf,endminf,Girl,dialog,walk_other,a_actor_endminf_dialog_state_walksit_start,assets/beyond/arts/entity/actor/girl/endminf/animations/dialog/a_actor_endminf_dialog_state_walksit.fbx##a_actor_endminf_dialog_state_walksit_start,assets/beyond/arts/entity/actor/girl/endminf/animations/dialog/a_actor_endminf_dialog_state_walksit.fbx,True,False,1,False,17.666668,60.0,1032604,60196,main/3ffee226ed69c31d73be8783.ab
chr_0003_endminf,endminf,Girl,dialog,walk_other,a_actor_endminf_dialog_state_walksit_derived_getdocument_end,assets/beyond/arts/entity/actor/girl/endminf/animations/dialog/a_actor_endminf_dialog_state_walksit_derived_getdocument.fbx##a_actor_endminf_dialog_state_walksit_derived_getdocument_end,assets/beyond/arts/entity/actor/girl/endminf/animations/dialog/a_actor_endminf_dialog_state_walksit_derived_getdocument.fbx,True,False,1,False,3.666668,60.0,211858,111252,main/77212de3834605831f35d9d7.ab
chr_0003_endminf,endminf,Girl,dialog,walk_loop_named,a_actor_endminf_dialog_state_walksit_derived_getdocument_loop,assets/beyond/arts/entity/actor/girl/endminf/animations/dialog/a_actor_endminf_dialog_state_walksit_derived_getdocument.fbx##a_actor_endminf_dialog_state_walksit_derived_getdocument_loop,assets/beyond/arts/entity/actor/girl/endminf/animations/dialog/a_actor_endminf_dialog_state_walksit_derived_getdocument.fbx,True,True,1,False,3.666668,60.0,100774,111252,main/77212de3834605831f35d9d7.ab
chr_0003_endminf,endminf,Girl,dialog,walk_other,a_actor_endminf_dialog_state_walksit_derived_getdocument_start,assets/beyond/arts/entity/actor/girl/endminf/animations/dialog/a_actor_endminf_dialog_state_walksit_derived_getdocument.fbx##a_actor_endminf_dialog_state_walksit_derived_getdocument_start,assets/beyond/arts/entity/actor/girl/endminf/animations/dialog/a_actor_endminf_dialog_state_walksit_derived_getdocument.fbx,True,False,1,False,10.666668,60.0,453966,111252,main/77212de3834605831f35d9d7.ab
chr_0003_endminf,endminf,Girl,dialog,walk_single,a_actor_endminf_dialog_virtual_single_walk_l,assets/beyond/arts/entity/actor/girl/endminf/animations/dialog/a_actor_endminf_dialog_virtual_single_walk_l.fbx##a_actor_endminf_dialog_virtual_single_walk_l,assets/beyond/arts/entity/actor/girl/endminf/animations/dialog/a_actor_endminf_dialog_virtual_single_walk_l.fbx,True,False,1,False,4.4,60.0,174440,131280,main/8cc41bc98a8eb8d8b6932385.ab
chr_0003_endminf,endminf,Girl,dialog,walk_single,a_actor_endminf_dialog_virtual_single_walk_m,assets/beyond/arts/entity/actor/girl/endminf/animations/dialog/a_actor_endminf_dialog_virtual_single_walk_m.fbx##a_actor_endminf_dialog_virtual_single_walk_m,assets/beyond/arts/entity/actor/girl/endminf/animations/dialog/a_actor_endminf_dialog_virtual_single_walk_m.fbx,True,False,1,False,3.6166668,60.0,135966,188474,main/cac193a3d03627dd51ba6f9b.ab
chr_0003_endminf,endminf,Girl,dialog,walk_single,a_actor_endminf_dialog_virtual_single_walk_s,assets/beyond/arts/entity/actor/girl/endminf/animations/dialog/a_actor_endminf_dialog_virtual_single_walk_s.fbx##a_actor_endminf_dialog_virtual_single_walk_s,assets/beyond/arts/entity/actor/girl/endminf/animations/dialog/a_actor_endminf_dialog_virtual_single_walk_s.fbx,True,False,1,False,3.3333335,60.0,130004,66576,main/46e0e60ca23f4cdff08e1e42.ab
chr_0004_pelica,pelica,Girl,battle,walk_other,a_actor_pelica_battle_walk_retreat,assets/beyond/arts/entity/actor/girl/pelica/animations/battle/a_actor_pelica_battle_walk_retreat.fbx##a_actor_pelica_battle_walk_retreat,assets/beyond/arts/entity/actor/girl/pelica/animations/battle/a_actor_pelica_battle_walk_retreat.fbx,True,False,1,False,1.3333334,60.0,99984,148848,main/9ff52578ecbbf0f056a6168f.ab
chr_0004_pelica,pelica,Girl,dialog,walk_loop_named,a_actor_pelica_dialog_state_holdwalk_loop,assets/beyond/arts/entity/actor/girl/pelica/animations/dialog/a_actor_pelica_dialog_state_holdwalk.fbx##a_actor_pelica_dialog_state_holdwalk_loop,assets/beyond/arts/entity/actor/girl/pelica/animations/dialog/a_actor_pelica_dialog_state_holdwalk.fbx,True,True,1,False,10.000001,60.0,282716,141175,main/97813b316bd1938e5a3e94d9.ab
chr_0004_pelica,pelica,Girl,dialog,walk_other,a_actor_pelica_dialog_state_walk_end,assets/beyond/arts/entity/actor/girl/pelica/animations/dialog/a_actor_pelica_dialog_state_walk.fbx##a_actor_pelica_dialog_state_walk_end,assets/beyond/arts/entity/actor/girl/pelica/animations/dialog/a_actor_pelica_dialog_state_walk.fbx,True,False,1,False,3.4833336,60.0,179176,226142,main/f35d3949450fe52d1335dbf8.ab
chr_0004_pelica,pelica,Girl,dialog,walk_loop_named,a_actor_pelica_dialog_state_walk_loop,assets/beyond/arts/entity/actor/girl/pelica/animations/dialog/a_actor_pelica_dialog_state_walk.fbx##a_actor_pelica_dialog_state_walk_loop,assets/beyond/arts/entity/actor/girl/pelica/animations/dialog/a_actor_pelica_dialog_state_walk.fbx,True,True,1,False,2.0833335,60.0,110014,226142,main/f35d3949450fe52d1335dbf8.ab
chr_0004_pelica,pelica,Girl,dialog,walk_other,a_actor_pelica_dialog_state_walk_start,assets/beyond/arts/entity/actor/girl/pelica/animations/dialog/a_actor_pelica_dialog_state_walk.fbx##a_actor_pelica_dialog_state_walk_start,assets/beyond/arts/entity/actor/girl/pelica/animations/dialog/a_actor_pelica_dialog_state_walk.fbx,True,False,1,False,1.6000001,60.0,116766,226142,main/f35d3949450fe52d1335dbf8.ab
chr_0004_pelica,pelica,Girl,dialog,walk_other,a_actor_pelica_dialog_state_walk_b,assets/beyond/arts/entity/actor/girl/pelica/animations/dialog/a_actor_pelica_dialog_state_walk_b.fbx##a_actor_pelica_dialog_state_walk_b,assets/beyond/arts/entity/actor/girl/pelica/animations/dialog/a_actor_pelica_dialog_state_walk_b.fbx,True,True,1,False,6.066667,60.0,212738,85843,main/5bd1aa3ae50fcc0fd6d10b49.ab
chr_0004_pelica,pelica,Girl,dialog,walk_single,a_actor_pelica_dialog_virtual_single_walk_l,assets/beyond/arts/entity/actor/girl/pelica/animations/dialog/a_actor_pelica_dialog_virtual_single_walk_l.fbx##a_actor_pelica_dialog_virtual_single_walk_l,assets/beyond/arts/entity/actor/girl/pelica/animations/dialog/a_actor_pelica_dialog_virtual_single_walk_l.fbx,True,False,1,False,4.4,60.0,177560,71873,main/4c97608ceab755c33b10ca18.ab
chr_0004_pelica,pelica,Girl,dialog,walk_single,a_actor_pelica_dialog_virtual_single_walk_m,assets/beyond/arts/entity/actor/girl/pelica/animations/dialog/a_actor_pelica_dialog_virtual_single_walk_m.fbx##a_actor_pelica_dialog_virtual_single_walk_m,assets/beyond/arts/entity/actor/girl/pelica/animations/dialog/a_actor_pelica_dialog_virtual_single_walk_m.fbx,True,False,1,False,3.6166668,60.0,147680,94503,main/653592c5db08a2cb8a0fe1f8.ab
chr_0004_pelica,pelica,Girl,dialog,walk_single,a_actor_pelica_dialog_virtual_single_walk_s,assets/beyond/arts/entity/actor/girl/pelica/animations/dialog/a_actor_pelica_dialog_virtual_single_walk_s.fbx##a_actor_pelica_dialog_virtual_single_walk_s,assets/beyond/arts/entity/actor/girl/pelica/animations/dialog/a_actor_pelica_dialog_virtual_single_walk_s.fbx,True,False,1,False,3.3333335,60.0,138910,178911,main/c04a93779a3d61958573a4a2.ab
chr_0005_chen,chen,Girl,dialog,walk_other,a_actor_chen_dialog_single_walk_stop_l,assets/beyond/arts/entity/actor/girl/chen/animations/dialog/a_actor_chen_dialog_single_walk_stop_l.fbx##a_actor_chen_dialog_single_walk_stop_l,assets/beyond/arts/entity/actor/girl/chen/animations/dialog/a_actor_chen_dialog_single_walk_stop_l.fbx,True,False,1,False,1.2,60.0,122328,168981,main/b5bb7d1e7b643d660a86a3fa.ab
chr_0005_chen,chen,Girl,dialog,walk_other,a_actor_chen_dialog_single_walk_stop_r,assets/beyond/arts/entity/actor/girl/chen/animations/dialog/a_actor_chen_dialog_single_walk_stop_r.fbx##a_actor_chen_dialog_single_walk_stop_r,assets/beyond/arts/entity/actor/girl/chen/animations/dialog/a_actor_chen_dialog_single_walk_stop_r.fbx,True,False,1,False,1.2,60.0,123148,154058,main/a58a309f2093e1cd2101ae7d.ab
chr_0005_chen,chen,Girl,dialog,walk_loop_named,a_actor_chen_dialog_state_platewalk_loop,assets/beyond/arts/entity/actor/girl/chen/animations/dialog/a_actor_chen_dialog_state_platewalk.fbx##a_actor_chen_dialog_state_platewalk_loop,assets/beyond/arts/entity/actor/girl/chen/animations/dialog/a_actor_chen_dialog_state_platewalk.fbx,True,True,1,False,10.000001,60.0,564080,162207,main/ae47698f77da9d6a838d648f.ab
chr_0005_chen,chen,Girl,dialog,walk_loop_named,a_actor_chen_dialog_state_scratchheadwalk_loop,assets/beyond/arts/entity/actor/girl/chen/animations/dialog/a_actor_chen_dialog_state_scratchheadwalk.fbx##a_actor_chen_dialog_state_scratchheadwalk_loop,assets/beyond/arts/entity/actor/girl/chen/animations/dialog/a_actor_chen_dialog_state_scratchheadwalk.fbx,True,True,1,False,1.0666667,60.0,87022,192946,main/cf74465d4aa29983538cb973.ab
chr_0005_chen,chen,Girl,dialog,walk_single,a_actor_chen_dialog_virtual_single_walk_l,assets/beyond/arts/entity/actor/girl/chen/animations/dialog/a_actor_chen_dialog_virtual_single_walk_l.fbx##a_actor_chen_dialog_virtual_single_walk_l,assets/beyond/arts/entity/actor/girl/chen/animations/dialog/a_actor_chen_dialog_virtual_single_walk_l.fbx,True,False,1,False,4.4,60.0,164924,56399,main/3be9f88ba17309ee2ece7ca3.ab
chr_0005_chen,chen,Girl,dialog,walk_single,a_actor_chen_dialog_virtual_single_walk_m,assets/beyond/arts/entity/actor/girl/chen/animations/dialog/a_actor_chen_dialog_virtual_single_walk_m.fbx##a_actor_chen_dialog_virtual_single_walk_m,assets/beyond/arts/entity/actor/girl/chen/animations/dialog/a_actor_chen_dialog_virtual_single_walk_m.fbx,True,False,1,False,3.6166668,60.0,141854,116583,main/7ce26b7f645b1b7f1b4b5569.ab
chr_0005_chen,chen,Girl,dialog,walk_single,a_actor_chen_dialog_virtual_single_walk_s,assets/beyond/arts/entity/actor/girl/chen/animations/dialog/a_actor_chen_dialog_virtual_single_walk_s.fbx##a_actor_chen_dialog_virtual_single_walk_s,assets/beyond/arts/entity/actor/girl/chen/animations/dialog/a_actor_chen_dialog_virtual_single_walk_s.fbx,True,False,1,False,3.3333335,60.0,134144,105490,main/710365f6639cdbab3458bfbc.ab
chr_0006_wolfgd,wolfgd,Gentleman,dialog,walk_single,a_actor_wolfgd_dialog_virtual_single_walk_l,assets/beyond/arts/entity/actor/gentleman/wolfgd/animations/dialog/a_actor_wolfgd_dialog_virtual_single_walk_l.fbx##a_actor_wolfgd_dialog_virtual_single_walk_l,assets/beyond/arts/entity/actor/gentleman/wolfgd/animations/dialog/a_actor_wolfgd_dialog_virtual_single_walk_l.fbx,True,False,1,False,4.7333336,60.0,153644,96569,main/676fd3d50be64ef47a45e8a8.ab
chr_0006_wolfgd,wolfgd,Gentleman,dialog,walk_single,a_actor_wolfgd_dialog_virtual_single_walk_m,assets/beyond/arts/entity/actor/gentleman/wolfgd/animations/dialog/a_actor_wolfgd_dialog_virtual_single_walk_m.fbx##a_actor_wolfgd_dialog_virtual_single_walk_m,assets/beyond/arts/entity/actor/gentleman/wolfgd/animations/dialog/a_actor_wolfgd_dialog_virtual_single_walk_m.fbx,True,False,1,False,3.766667,60.0,133710,193961,main/d087019c1033ba48fd35ccde.ab
chr_0006_wolfgd,wolfgd,Gentleman,dialog,walk_single,a_actor_wolfgd_dialog_virtual_single_walk_s,assets/beyond/arts/entity/actor/gentleman/wolfgd/animations/dialog/a_actor_wolfgd_dialog_virtual_single_walk_s.fbx##a_actor_wolfgd_dialog_virtual_single_walk_s,assets/beyond/arts/entity/actor/gentleman/wolfgd/animations/dialog/a_actor_wolfgd_dialog_virtual_single_walk_s.fbx,True,False,1,False,4.0,60.0,127316,33657,main/234f7614b28f9e5a1f02f2af.ab
chr_0007_ikut,ikut,Girl,dialog,walk_single,a_actor_ikut_dialog_virtual_single_walk_l,assets/beyond/arts/entity/actor/girl/ikut/animations/dialog/a_actor_ikut_dialog_virtual_single_walk_l.fbx##a_actor_ikut_dialog_virtual_single_walk_l,assets/beyond/arts/entity/actor/girl/ikut/animations/dialog/a_actor_ikut_dialog_virtual_single_walk_l.fbx,True,False,1,False,4.4,60.0,164978,206268,main/dddd8ce96949a2a991813500.ab
chr_0007_ikut,ikut,Girl,dialog,walk_single,a_actor_ikut_dialog_virtual_single_walk_m,assets/beyond/arts/entity/actor/girl/ikut/animations/dialog/a_actor_ikut_dialog_virtual_single_walk_m.fbx##a_actor_ikut_dialog_virtual_single_walk_m,assets/beyond/arts/entity/actor/girl/ikut/animations/dialog/a_actor_ikut_dialog_virtual_single_walk_m.fbx,True,False,1,False,3.6166668,60.0,144116,185239,main/c7326642e1e4d8e5ce48ae89.ab
chr_0007_ikut,ikut,Girl,dialog,walk_single,a_actor_ikut_dialog_virtual_single_walk_s,assets/beyond/arts/entity/actor/girl/ikut/animations/dialog/a_actor_ikut_dialog_virtual_single_walk_s.fbx##a_actor_ikut_dialog_virtual_single_walk_s,assets/beyond/arts/entity/actor/girl/ikut/animations/dialog/a_actor_ikut_dialog_virtual_single_walk_s.fbx,True,False,1,False,3.3333335,60.0,133514,117271,main/7dab17da3db10cee011c7f05.ab
chr_0011_seraph,seraph,Girl,dialog,walk_single,a_actor_seraph_dialog_virtual_single_walk_l,assets/beyond/arts/entity/actor/girl/seraph/animations/dialog/a_actor_seraph_dialog_virtual_single_walk_l.fbx##a_actor_seraph_dialog_virtual_single_walk_l,assets/beyond/arts/entity/actor/girl/seraph/animations/dialog/a_actor_seraph_dialog_virtual_single_walk_l.fbx,True,False,1,False,4.4,60.0,152026,68840,main/4956d1a0f79941d360a1c0b7.ab
chr_0011_seraph,seraph,Girl,dialog,walk_single,a_actor_seraph_dialog_virtual_single_walk_m,assets/beyond/arts/entity/actor/girl/seraph/animations/dialog/a_actor_seraph_dialog_virtual_single_walk_m.fbx##a_actor_seraph_dialog_virtual_single_walk_m,assets/beyond/arts/entity/actor/girl/seraph/animations/dialog/a_actor_seraph_dialog_virtual_single_walk_m.fbx,True,False,1,False,3.6166668,60.0,131210,84942,main/5ad42ba15c6dd92a7a0827a8.ab
chr_0011_seraph,seraph,Girl,dialog,walk_single,a_actor_seraph_dialog_virtual_single_walk_s,assets/beyond/arts/entity/actor/girl/seraph/animations/dialog/a_actor_seraph_dialog_virtual_single_walk_s.fbx##a_actor_seraph_dialog_virtual_single_walk_s,assets/beyond/arts/entity/actor/girl/seraph/animations/dialog/a_actor_seraph_dialog_virtual_single_walk_s.fbx,True,False,1,False,3.3333335,60.0,124588,85163,main/5b14e46c28660422eeee01c7.ab
chr_0012_avywen,avywen,Girl,dialog,walk_other,a_actor_avywen_dialog_single_walkhandsback,assets/beyond/arts/entity/actor/girl/avywen/animations/dialog/a_actor_avywen_dialog_single_walkhandsback.fbx##a_actor_avywen_dialog_single_walkhandsback,assets/beyond/arts/entity/actor/girl/avywen/animations/dialog/a_actor_avywen_dialog_single_walkhandsback.fbx,True,False,1,False,3.2000003,60.0,142972,182499,main/c43572f43dc1900f44aa0712.ab
chr_0012_avywen,avywen,Girl,dialog,walk_single,a_actor_avywen_dialog_virtual_single_walk_l,assets/beyond/arts/entity/actor/girl/avywen/animations/dialog/a_actor_avywen_dialog_virtual_single_walk_l.fbx##a_actor_avywen_dialog_virtual_single_walk_l,assets/beyond/arts/entity/actor/girl/avywen/animations/dialog/a_actor_avywen_dialog_virtual_single_walk_l.fbx,True,False,1,False,4.4,60.0,172780,110943,main/76cbaaf10afcf72c369b09dc.ab
chr_0012_avywen,avywen,Girl,dialog,walk_single,a_actor_avywen_dialog_virtual_single_walk_m,assets/beyond/arts/entity/actor/girl/avywen/animations/dialog/a_actor_avywen_dialog_virtual_single_walk_m.fbx##a_actor_avywen_dialog_virtual_single_walk_m,assets/beyond/arts/entity/actor/girl/avywen/animations/dialog/a_actor_avywen_dialog_virtual_single_walk_m.fbx,True,False,1,False,3.6166668,60.0,150468,90250,main/608ceb70eb8604b995e0f7bf.ab
chr_0012_avywen,avywen,Girl,dialog,walk_single,a_actor_avywen_dialog_virtual_single_walk_s,assets/beyond/arts/entity/actor/girl/avywen/animations/dialog/a_actor_avywen_dialog_virtual_single_walk_s.fbx##a_actor_avywen_dialog_virtual_single_walk_s,assets/beyond/arts/entity/actor/girl/avywen/animations/dialog/a_actor_avywen_dialog_virtual_single_walk_s.fbx,True,False,1,False,3.3333335,60.0,141100,153321,main/a4baca519bfb57412e883198.ab
chr_0013_aglina,aglina,Girl,dialog,walk_other,a_actor_aglina_dialog_state_shy2_walk_end,assets/beyond/arts/entity/actor/girl/aglina/animations/dialog/a_actor_aglina_dialog_state_shy2_walk.fbx##a_actor_aglina_dialog_state_shy2_walk_end,assets/beyond/arts/entity/actor/girl/aglina/animations/dialog/a_actor_aglina_dialog_state_shy2_walk.fbx,True,False,1,False,2.4500008,60.0,145604,154400,main/a5e63a67a67ace423a4aa99b.ab
chr_0013_aglina,aglina,Girl,dialog,walk_loop_named,a_actor_aglina_dialog_state_shy2_walk_loop,assets/beyond/arts/entity/actor/girl/aglina/animations/dialog/a_actor_aglina_dialog_state_shy2_walk.fbx##a_actor_aglina_dialog_state_shy2_walk_loop,assets/beyond/arts/entity/actor/girl/aglina/animations/dialog/a_actor_aglina_dialog_state_shy2_walk.fbx,True,True,1,False,8.150001,60.0,377340,154400,main/a5e63a67a67ace423a4aa99b.ab
chr_0013_aglina,aglina,Girl,dialog,walk_other,a_actor_aglina_dialog_state_shy2_walk_start,assets/beyond/arts/entity/actor/girl/aglina/animations/dialog/a_actor_aglina_dialog_state_shy2_walk.fbx##a_actor_aglina_dialog_state_shy2_walk_start,assets/beyond/arts/entity/actor/girl/aglina/animations/dialog/a_actor_aglina_dialog_state_shy2_walk.fbx,True,False,1,False,1.8666668,60.0,122256,154400,main/a5e63a67a67ace423a4aa99b.ab
chr_0013_aglina,aglina,Girl,dialog,walk_single,a_actor_aglina_dialog_virtual_single_walk_l,assets/beyond/arts/entity/actor/girl/aglina/animations/dialog/a_actor_aglina_dialog_virtual_single_walk_l.fbx##a_actor_aglina_dialog_virtual_single_walk_l,assets/beyond/arts/entity/actor/girl/aglina/animations/dialog/a_actor_aglina_dialog_virtual_single_walk_l.fbx,True,False,1,False,4.4,60.0,169836,132232,main/8dd4b16c385d6506d5270827.ab
chr_0013_aglina,aglina,Girl,dialog,walk_single,a_actor_aglina_dialog_virtual_single_walk_m,assets/beyond/arts/entity/actor/girl/aglina/animations/dialog/a_actor_aglina_dialog_virtual_single_walk_m.fbx##a_actor_aglina_dialog_virtual_single_walk_m,assets/beyond/arts/entity/actor/girl/aglina/animations/dialog/a_actor_aglina_dialog_virtual_single_walk_m.fbx,True,False,1,False,3.6166668,60.0,142780,174858,main/bc006c9b42094f45dc2fd102.ab
chr_0013_aglina,aglina,Girl,dialog,walk_single,a_actor_aglina_dialog_virtual_single_walk_s,assets/beyond/arts/entity/actor/girl/aglina/animations/dialog/a_actor_aglina_dialog_virtual_single_walk_s.fbx##a_actor_aglina_dialog_virtual_single_walk_s,assets/beyond/arts/entity/actor/girl/aglina/animations/dialog/a_actor_aglina_dialog_virtual_single_walk_s.fbx,True,False,1,False,3.3333335,60.0,139564,209116,main/e0eedd381b9ffd40ce55d67e.ab
chr_0014_aurora,aurora,Lady,dialog,walk_single,a_actor_aurora_dialog_virtual_single_walk_l,assets/beyond/arts/entity/actor/lady/aurora/animations/dialog/a_actor_aurora_dialog_virtual_single_walk_l.fbx##a_actor_aurora_dialog_virtual_single_walk_l,assets/beyond/arts/entity/actor/lady/aurora/animations/dialog/a_actor_aurora_dialog_virtual_single_walk_l.fbx,True,False,1,False,4.4,60.0,225114,215523,main/e7c52f14f19aa3b17c68b3a3.ab
chr_0014_aurora,aurora,Lady,dialog,walk_single,a_actor_aurora_dialog_virtual_single_walk_m,assets/beyond/arts/entity/actor/lady/aurora/animations/dialog/a_actor_aurora_dialog_virtual_single_walk_m.fbx##a_actor_aurora_dialog_virtual_single_walk_m,assets/beyond/arts/entity/actor/lady/aurora/animations/dialog/a_actor_aurora_dialog_virtual_single_walk_m.fbx,True,False,1,False,3.6166668,60.0,183694,87532,main/5d9f48b90a2cb75b7620eef9.ab
chr_0014_aurora,aurora,Lady,dialog,walk_single,a_actor_aurora_dialog_virtual_single_walk_s,assets/beyond/arts/entity/actor/lady/aurora/animations/dialog/a_actor_aurora_dialog_virtual_single_walk_s.fbx##a_actor_aurora_dialog_virtual_single_walk_s,assets/beyond/arts/entity/actor/lady/aurora/animations/dialog/a_actor_aurora_dialog_virtual_single_walk_s.fbx,True,False,1,False,3.3333335,60.0,172154,220071,main/ecbe9dc499622d2b618b45b4.ab
chr_0015_lifeng,lifeng,Littleboy,dialog,walk_other,a_actor_lifeng_dialog_state_walkthink_end,assets/beyond/arts/entity/actor/littleboy/lifeng/animations/dialog/a_actor_lifeng_dialog_state_walkthink.fbx##a_actor_lifeng_dialog_state_walkthink_end,assets/beyond/arts/entity/actor/littleboy/lifeng/animations/dialog/a_actor_lifeng_dialog_state_walkthink.fbx,True,False,1,False,17.866667,60.0,785476,26225,main/1b42d8fb7c48cc65886bfe65.ab
chr_0015_lifeng,lifeng,Littleboy,dialog,walk_loop_named,a_actor_lifeng_dialog_state_walkthink_loop,assets/beyond/arts/entity/actor/littleboy/lifeng/animations/dialog/a_actor_lifeng_dialog_state_walkthink.fbx##a_actor_lifeng_dialog_state_walkthink_loop,assets/beyond/arts/entity/actor/littleboy/lifeng/animations/dialog/a_actor_lifeng_dialog_state_walkthink.fbx,True,True,1,False,10.250001,60.0,397574,26225,main/1b42d8fb7c48cc65886bfe65.ab
chr_0015_lifeng,lifeng,Littleboy,dialog,walk_other,a_actor_lifeng_dialog_state_walkthink_start,assets/beyond/arts/entity/actor/littleboy/lifeng/animations/dialog/a_actor_lifeng_dialog_state_walkthink.fbx##a_actor_lifeng_dialog_state_walkthink_start,assets/beyond/arts/entity/actor/littleboy/lifeng/animations/dialog/a_actor_lifeng_dialog_state_walkthink.fbx,True,False,1,False,8.083334,60.0,408564,26225,main/1b42d8fb7c48cc65886bfe65.ab
chr_0015_lifeng,lifeng,Littleboy,dialog,walk_single,a_actor_lifeng_dialog_virtual_single_walk_l,assets/beyond/arts/entity/actor/littleboy/lifeng/animations/dialog/a_actor_lifeng_dialog_virtual_single_walk_l.fbx##a_actor_lifeng_dialog_virtual_single_walk_l,assets/beyond/arts/entity/actor/littleboy/lifeng/animations/dialog/a_actor_lifeng_dialog_virtual_single_walk_l.fbx,True,False,1,False,4.7333336,60.0,149616,131430,main/8cee0fc85d2109a417cb8402.ab
chr_0015_lifeng,lifeng,Littleboy,dialog,walk_single,a_actor_lifeng_dialog_virtual_single_walk_m,assets/beyond/arts/entity/actor/littleboy/lifeng/animations/dialog/a_actor_lifeng_dialog_virtual_single_walk_m.fbx##a_actor_lifeng_dialog_virtual_single_walk_m,assets/beyond/arts/entity/actor/littleboy/lifeng/animations/dialog/a_actor_lifeng_dialog_virtual_single_walk_m.fbx,True,False,1,False,3.766667,60.0,123056,59344,main/3f1a029a7aff5207915c1ce7.ab
chr_0015_lifeng,lifeng,Littleboy,dialog,walk_single,a_actor_lifeng_dialog_virtual_single_walk_s,assets/beyond/arts/entity/actor/littleboy/lifeng/animations/dialog/a_actor_lifeng_dialog_virtual_single_walk_s.fbx##a_actor_lifeng_dialog_virtual_single_walk_s,assets/beyond/arts/entity/actor/littleboy/lifeng/animations/dialog/a_actor_lifeng_dialog_virtual_single_walk_s.fbx,True,False,1,False,4.0,60.0,167748,166590,main/b2ffdecf2585d75ca9a88678.ab
chr_0016_laevat,laevat,Lady,3c,walk_loop_named,a_actor_laevat_walk_loop_entry,assets/beyond/arts/entity/actor/lady/laevat/animations/3c/a_actor_laevat_walk_loop_entry.fbx##a_actor_laevat_walk_loop_entry,assets/beyond/arts/entity/actor/lady/laevat/animations/3c/a_actor_laevat_walk_loop_entry.fbx,True,True,1,False,1.0666667,60.0,128240,160104,main/ac09d2f244e7548463cbf6ef.ab
chr_0016_laevat,laevat,Lady,3c,walk_loop_named,a_actor_laevat_walk_loop_entry_pose,assets/beyond/arts/entity/actor/lady/laevat/animations/3c/a_actor_laevat_walk_loop_entry.fbx##a_actor_laevat_walk_loop_entry_pose,assets/beyond/arts/entity/actor/lady/laevat/animations/3c/a_actor_laevat_walk_loop_entry.fbx,True,True,1,False,1.0666667,60.0,129138,160104,main/ac09d2f244e7548463cbf6ef.ab
chr_0016_laevat,laevat,Lady,dialog,walk_other,a_actor_laevat_dialog_single_restwalk,assets/beyond/arts/entity/actor/lady/laevat/animations/dialog/a_actor_laevat_dialog_single_restwalk.fbx##a_actor_laevat_dialog_single_restwalk,assets/beyond/arts/entity/actor/lady/laevat/animations/dialog/a_actor_laevat_dialog_single_restwalk.fbx,True,False,1,False,15.333335,60.0,769724,75249,main/50538d3e95186836b78454c2.ab
chr_0016_laevat,laevat,Lady,dialog,walk_other,a_actor_laevat_dialog_single_wavewalk,assets/beyond/arts/entity/actor/lady/laevat/animations/dialog/a_actor_laevat_dialog_single_wavewalk.fbx##a_actor_laevat_dialog_single_wavewalk,assets/beyond/arts/entity/actor/lady/laevat/animations/dialog/a_actor_laevat_dialog_single_wavewalk.fbx,True,False,1,False,8.583334,60.0,464604,79788,main/5543bc28658c30481b80a036.ab
chr_0016_laevat,laevat,Lady,dialog,walk_single,a_actor_laevat_dialog_virtual_single_walk_l,assets/beyond/arts/entity/actor/lady/laevat/animations/dialog/a_actor_laevat_dialog_virtual_single_walk_l.fbx##a_actor_laevat_dialog_virtual_single_walk_l,assets/beyond/arts/entity/actor/lady/laevat/animations/dialog/a_actor_laevat_dialog_virtual_single_walk_l.fbx,True,False,1,False,4.4,60.0,173054,208102,main/dfe17c1072167dbc1b8d1f54.ab
chr_0016_laevat,laevat,Lady,dialog,walk_single,a_actor_laevat_dialog_virtual_single_walk_m,assets/beyond/arts/entity/actor/lady/laevat/animations/dialog/a_actor_laevat_dialog_virtual_single_walk_m.fbx##a_actor_laevat_dialog_virtual_single_walk_m,assets/beyond/arts/entity/actor/lady/laevat/animations/dialog/a_actor_laevat_dialog_virtual_single_walk_m.fbx,True,False,1,False,3.6166668,60.0,150582,5808,main/05320dfb2d2f99140338ec39.ab
chr_0016_laevat,laevat,Lady,dialog,walk_single,a_actor_laevat_dialog_virtual_single_walk_s,assets/beyond/arts/entity/actor/lady/laevat/animations/dialog/a_actor_laevat_dialog_virtual_single_walk_s.fbx##a_actor_laevat_dialog_virtual_single_walk_s,assets/beyond/arts/entity/actor/lady/laevat/animations/dialog/a_actor_laevat_dialog_virtual_single_walk_s.fbx,True,False,1,False,3.3333335,60.0,136628,200815,main/d802f50f647bcad43d1022fb.ab
chr_0017_yvonne,yvonne,Girl,dialog,walk_other,a_actor_yvonne_dialog_single_lookbackwalk,assets/beyond/arts/entity/actor/girl/yvonne/animations/dialog/a_actor_yvonne_dialog_single_lookbackwalk.fbx##a_actor_yvonne_dialog_single_lookbackwalk,assets/beyond/arts/entity/actor/girl/yvonne/animations/dialog/a_actor_yvonne_dialog_single_lookbackwalk.fbx,True,False,1,False,7.1071644,60.0,281502,16064,main/106655d2552ad7c611dae7fb.ab
chr_0017_yvonne,yvonne,Girl,dialog,walk_other,a_actor_yvonne_dialog_single_wavewalk,assets/beyond/arts/entity/actor/girl/yvonne/animations/dialog/a_actor_yvonne_dialog_single_wavewalk.fbx##a_actor_yvonne_dialog_single_wavewalk,assets/beyond/arts/entity/actor/girl/yvonne/animations/dialog/a_actor_yvonne_dialog_single_wavewalk.fbx,True,False,1,False,6.666667,60.0,378606,142059,main/988226a98b8016a4c6a8ae29.ab
chr_0017_yvonne,yvonne,Girl,dialog,walk_other,a_actor_yvonne_dialog_state_walkin_end,assets/beyond/arts/entity/actor/girl/yvonne/animations/dialog/a_actor_yvonne_dialog_state_walkin.fbx##a_actor_yvonne_dialog_state_walkin_end,assets/beyond/arts/entity/actor/girl/yvonne/animations/dialog/a_actor_yvonne_dialog_state_walkin.fbx,True,False,1,False,4.883334,60.0,145922,46302,main/31064b1cbb7716b0e5e5633e.ab
chr_0017_yvonne,yvonne,Girl,dialog,walk_loop_named,a_actor_yvonne_dialog_state_walkin_loop,assets/beyond/arts/entity/actor/girl/yvonne/animations/dialog/a_actor_yvonne_dialog_state_walkin.fbx##a_actor_yvonne_dialog_state_walkin_loop,assets/beyond/arts/entity/actor/girl/yvonne/animations/dialog/a_actor_yvonne_dialog_state_walkin.fbx,True,True,1,False,6.2500005,60.0,148672,46302,main/31064b1cbb7716b0e5e5633e.ab
chr_0017_yvonne,yvonne,Girl,dialog,walk_other,a_actor_yvonne_dialog_state_walkin_start,assets/beyond/arts/entity/actor/girl/yvonne/animations/dialog/a_actor_yvonne_dialog_state_walkin.fbx##a_actor_yvonne_dialog_state_walkin_start,assets/beyond/arts/entity/actor/girl/yvonne/animations/dialog/a_actor_yvonne_dialog_state_walkin.fbx,True,False,1,False,4.2333336,60.0,163426,46302,main/31064b1cbb7716b0e5e5633e.ab
chr_0017_yvonne,yvonne,Girl,dialog,walk_loop_named,a_actor_yvonne_dialog_state_walkinsilent_loop,assets/beyond/arts/entity/actor/girl/yvonne/animations/dialog/a_actor_yvonne_dialog_state_walkinsilent.fbx##a_actor_yvonne_dialog_state_walkinsilent_loop,assets/beyond/arts/entity/actor/girl/yvonne/animations/dialog/a_actor_yvonne_dialog_state_walkinsilent.fbx,True,True,1,False,3.583334,60.0,94610,140805,main/9711308bbf15364ddac7f2bd.ab
chr_0017_yvonne,yvonne,Girl,dialog,walk_other,a_actor_yvonne_dialog_state_walkinsilent_start,assets/beyond/arts/entity/actor/girl/yvonne/animations/dialog/a_actor_yvonne_dialog_state_walkinsilent.fbx##a_actor_yvonne_dialog_state_walkinsilent_start,assets/beyond/arts/entity/actor/girl/yvonne/animations/dialog/a_actor_yvonne_dialog_state_walkinsilent.fbx,True,False,1,False,17.833336,60.0,860956,140805,main/9711308bbf15364ddac7f2bd.ab
chr_0017_yvonne,yvonne,Girl,dialog,walk_single,a_actor_yvonne_dialog_virtual_single_walk_l,assets/beyond/arts/entity/actor/girl/yvonne/animations/dialog/a_actor_yvonne_dialog_virtual_single_walk_l.fbx##a_actor_yvonne_dialog_virtual_single_walk_l,assets/beyond/arts/entity/actor/girl/yvonne/animations/dialog/a_actor_yvonne_dialog_virtual_single_walk_l.fbx,True,False,1,False,4.4,60.0,159172,11085,main/0b041be5afa1a5e7a71425fc.ab
chr_0017_yvonne,yvonne,Girl,dialog,walk_single,a_actor_yvonne_dialog_virtual_single_walk_m,assets/beyond/arts/entity/actor/girl/yvonne/animations/dialog/a_actor_yvonne_dialog_virtual_single_walk_m.fbx##a_actor_yvonne_dialog_virtual_single_walk_m,assets/beyond/arts/entity/actor/girl/yvonne/animations/dialog/a_actor_yvonne_dialog_virtual_single_walk_m.fbx,True,False,1,False,3.6166668,60.0,134180,3565,main/02c13b6e6fbc1214eb183425.ab
chr_0017_yvonne,yvonne,Girl,dialog,walk_single,a_actor_yvonne_dialog_virtual_single_walk_s,assets/beyond/arts/entity/actor/girl/yvonne/animations/dialog/a_actor_yvonne_dialog_virtual_single_walk_s.fbx##a_actor_yvonne_dialog_virtual_single_walk_s,assets/beyond/arts/entity/actor/girl/yvonne/animations/dialog/a_actor_yvonne_dialog_virtual_single_walk_s.fbx,True,False,1,False,3.3333335,60.0,127562,71890,main/4c9baf79c5db919da84d2f01.ab
chr_0018_dapan,dapan,Panda,dialog,walk_single,a_actor_dapan_dialog_virtual_single_walk_l,assets/beyond/arts/entity/actor/panda/dapan/animations/dialog/a_actor_dapan_dialog_virtual_single_walk_l.fbx##a_actor_dapan_dialog_virtual_single_walk_l,assets/beyond/arts/entity/actor/panda/dapan/animations/dialog/a_actor_dapan_dialog_virtual_single_walk_l.fbx,True,False,1,False,4.7500005,60.0,120848,167836,main/b4687d5d308630aa6b58f3a5.ab
chr_0018_dapan,dapan,Panda,dialog,walk_single,a_actor_dapan_dialog_virtual_single_walk_m,assets/beyond/arts/entity/actor/panda/dapan/animations/dialog/a_actor_dapan_dialog_virtual_single_walk_m.fbx##a_actor_dapan_dialog_virtual_single_walk_m,assets/beyond/arts/entity/actor/panda/dapan/animations/dialog/a_actor_dapan_dialog_virtual_single_walk_m.fbx,True,False,1,False,3.766667,60.0,138314,231438,main/f908bbac809d52352f4cdc3b.ab
chr_0018_dapan,dapan,Panda,dialog,walk_single,a_actor_dapan_dialog_virtual_single_walk_s,assets/beyond/arts/entity/actor/panda/dapan/animations/dialog/a_actor_dapan_dialog_virtual_single_walk_s.fbx##a_actor_dapan_dialog_virtual_single_walk_s,assets/beyond/arts/entity/actor/panda/dapan/animations/dialog/a_actor_dapan_dialog_virtual_single_walk_s.fbx,True,False,1,False,2.4,60.0,77872,64084,main/441af01b112b19ba37b607bb.ab
chr_0025_ardelia,ardelia,Girl,dialog,walk_single,a_actor_ardelia_dialog_virtual_single_walk_l,assets/beyond/arts/entity/actor/girl/ardelia/animations/dialog/a_actor_ardelia_dialog_virtual_single_walk_l.fbx##a_actor_ardelia_dialog_virtual_single_walk_l,assets/beyond/arts/entity/actor/girl/ardelia/animations/dialog/a_actor_ardelia_dialog_virtual_single_walk_l.fbx,True,False,1,False,4.4,60.0,194622,38212,main/2846c7abdcd93743101f424c.ab
chr_0025_ardelia,ardelia,Girl,dialog,walk_single,a_actor_ardelia_dialog_virtual_single_walk_m,assets/beyond/arts/entity/actor/girl/ardelia/animations/dialog/a_actor_ardelia_dialog_virtual_single_walk_m.fbx##a_actor_ardelia_dialog_virtual_single_walk_m,assets/beyond/arts/entity/actor/girl/ardelia/animations/dialog/a_actor_ardelia_dialog_virtual_single_walk_m.fbx,True,False,1,False,3.6166668,60.0,165614,81328,main/57071acd4b256606bdffe6ca.ab
chr_0025_ardelia,ardelia,Girl,dialog,walk_single,a_actor_ardelia_dialog_virtual_single_walk_s,assets/beyond/arts/entity/actor/girl/ardelia/animations/dialog/a_actor_ardelia_dialog_virtual_single_walk_s.fbx##a_actor_ardelia_dialog_virtual_single_walk_s,assets/beyond/arts/entity/actor/girl/ardelia/animations/dialog/a_actor_ardelia_dialog_virtual_single_walk_s.fbx,True,False,1,False,3.3333335,60.0,156740,165490,main/b1cbd2e3b03aa30c39ccad6b.ab
chr_0027_tangtang,tangtang,Girl,dialog,walk_other,a_actor_tangtang_dialog_single_akimbo1_lookbackandwalk,assets/beyond/arts/entity/actor/girl/tangtang/animations/dialog/a_actor_tangtang_dialog_single_akimbo1_lookbackandwalk.fbx##a_actor_tangtang_dialog_single_akimbo1_lookbackandwalk,assets/beyond/arts/entity/actor/girl/tangtang/animations/dialog/a_actor_tangtang_dialog_single_akimbo1_lookbackandwalk.fbx,True,False,1,False,12.750001,60.0,739868,109035,main/74ca14302d003aa6835f04c7.ab
chr_0027_tangtang,tangtang,Girl,dialog,walk_other,a_actor_tangtang_dialog_single_walkarrogant,assets/beyond/arts/entity/actor/girl/tangtang/animations/dialog/a_actor_tangtang_dialog_single_walkarrogant.fbx##a_actor_tangtang_dialog_single_walkarrogant,assets/beyond/arts/entity/actor/girl/tangtang/animations/dialog/a_actor_tangtang_dialog_single_walkarrogant.fbx,True,False,1,False,7.833334,60.0,528566,127507,main/88ac3c913baef93514b46d5e.ab
chr_0027_tangtang,tangtang,Girl,dialog,walk_other,a_actor_tangtang_dialog_single_walkincircle,assets/beyond/arts/entity/actor/girl/tangtang/animations/dialog/a_actor_tangtang_dialog_single_walkincircle.fbx##a_actor_tangtang_dialog_single_walkincircle,assets/beyond/arts/entity/actor/girl/tangtang/animations/dialog/a_actor_tangtang_dialog_single_walkincircle.fbx,True,False,1,False,13.583334,60.0,794158,153289,main/a4b2465b729ea185edee80a5.ab
chr_0027_tangtang,tangtang,Girl,dialog,walk_other,a_actor_tangtang_dialog_single_walkwitharms,assets/beyond/arts/entity/actor/girl/tangtang/animations/dialog/a_actor_tangtang_dialog_single_walkwitharms.fbx##a_actor_tangtang_dialog_single_walkwitharms,assets/beyond/arts/entity/actor/girl/tangtang/animations/dialog/a_actor_tangtang_dialog_single_walkwitharms.fbx,True,False,1,False,11.333334,60.0,601302,216923,main/e95b9d2c738891b1f99afeb1.ab
chr_0027_tangtang,tangtang,Girl,dialog,walk_other,a_actor_tangtang_dialog_single_wavewalk,assets/beyond/arts/entity/actor/girl/tangtang/animations/dialog/a_actor_tangtang_dialog_single_wavewalk.fbx##a_actor_tangtang_dialog_single_wavewalk,assets/beyond/arts/entity/actor/girl/tangtang/animations/dialog/a_actor_tangtang_dialog_single_wavewalk.fbx,True,False,1,False,6.666667,60.0,433518,141908,main/9859e8d59825bb2295147b55.ab
chr_0027_tangtang,tangtang,Girl,dialog,walk_single,a_actor_tangtang_dialog_virtual_single_walk_l,assets/beyond/arts/entity/actor/girl/tangtang/animations/dialog/a_actor_tangtang_dialog_virtual_single_walk_l.fbx##a_actor_tangtang_dialog_virtual_single_walk_l,assets/beyond/arts/entity/actor/girl/tangtang/animations/dialog/a_actor_tangtang_dialog_virtual_single_walk_l.fbx,True,False,1,False,4.4,60.0,206130,93941,main/649af8c2cc70aaa6b033a0e1.ab
chr_0027_tangtang,tangtang,Girl,dialog,walk_single,a_actor_tangtang_dialog_virtual_single_walk_m,assets/beyond/arts/entity/actor/girl/tangtang/animations/dialog/a_actor_tangtang_dialog_virtual_single_walk_m.fbx##a_actor_tangtang_dialog_virtual_single_walk_m,assets/beyond/arts/entity/actor/girl/tangtang/animations/dialog/a_actor_tangtang_dialog_virtual_single_walk_m.fbx,True,False,1,False,3.6166668,60.0,163038,55124,main/3a86b60263a71506f7108aee.ab
chr_0027_tangtang,tangtang,Girl,dialog,walk_single,a_actor_tangtang_dialog_virtual_single_walk_s,assets/beyond/arts/entity/actor/girl/tangtang/animations/dialog/a_actor_tangtang_dialog_virtual_single_walk_s.fbx##a_actor_tangtang_dialog_virtual_single_walk_s,assets/beyond/arts/entity/actor/girl/tangtang/animations/dialog/a_actor_tangtang_dialog_virtual_single_walk_s.fbx,True,False,1,False,3.3333335,60.0,157450,127794,main/88f98919908df61550a855ab.ab
chr_0028_wulfa,wulfa,Loli,dialog,walk_other,a_actor_wulfa_dialog_single_happywalk,assets/beyond/arts/entity/actor/loli/wulfa/animations/dialog/a_actor_wulfa_dialog_single_happywalk.fbx##a_actor_wulfa_dialog_single_happywalk,assets/beyond/arts/entity/actor/loli/wulfa/animations/dialog/a_actor_wulfa_dialog_single_happywalk.fbx,True,False,1,False,21.333334,60.0,1510602,66961,main/474e0121d9e641b2524668b8.ab
chr_0028_wulfa,wulfa,Loli,dialog,walk_other,a_actor_wulfa_dialog_single_walktalk,assets/beyond/arts/entity/actor/loli/wulfa/animations/dialog/a_actor_wulfa_dialog_single_walktalk.fbx##a_actor_wulfa_dialog_single_walktalk,assets/beyond/arts/entity/actor/loli/wulfa/animations/dialog/a_actor_wulfa_dialog_single_walktalk.fbx,True,False,1,False,10.833334,60.0,725768,157654,main/a96128b102bbdc3dc1b1d629.ab
chr_0028_wulfa,wulfa,Loli,dialog,walk_other,a_actor_wulfa_dialog_state_akimbo2_shield_followme_walk_end,assets/beyond/arts/entity/actor/loli/wulfa/animations/dialog/a_actor_wulfa_dialog_state_akimbo2_shield_followme_walk.fbx##a_actor_wulfa_dialog_state_akimbo2_shield_followme_walk_end,assets/beyond/arts/entity/actor/loli/wulfa/animations/dialog/a_actor_wulfa_dialog_state_akimbo2_shield_followme_walk.fbx,True,False,1,False,6.500002,60.0,504988,214971,main/e7365cff44713fba020cdb6c.ab
chr_0028_wulfa,wulfa,Loli,dialog,walk_loop_named,a_actor_wulfa_dialog_state_akimbo2_shield_followme_walk_loop,assets/beyond/arts/entity/actor/loli/wulfa/animations/dialog/a_actor_wulfa_dialog_state_akimbo2_shield_followme_walk.fbx##a_actor_wulfa_dialog_state_akimbo2_shield_followme_walk_loop,assets/beyond/arts/entity/actor/loli/wulfa/animations/dialog/a_actor_wulfa_dialog_state_akimbo2_shield_followme_walk.fbx,True,True,1,False,4.333335,60.0,222768,214971,main/e7365cff44713fba020cdb6c.ab
chr_0028_wulfa,wulfa,Loli,dialog,walk_other,a_actor_wulfa_dialog_state_akimbo2_shield_followme_walk_start,assets/beyond/arts/entity/actor/loli/wulfa/animations/dialog/a_actor_wulfa_dialog_state_akimbo2_shield_followme_walk.fbx##a_actor_wulfa_dialog_state_akimbo2_shield_followme_walk_start,assets/beyond/arts/entity/actor/loli/wulfa/animations/dialog/a_actor_wulfa_dialog_state_akimbo2_shield_followme_walk.fbx,True,False,1,False,5.833334,60.0,384872,214971,main/e7365cff44713fba020cdb6c.ab
chr_0028_wulfa,wulfa,Loli,dialog,walk_single,a_actor_wulfa_dialog_virtual_single_walk_l,assets/beyond/arts/entity/actor/loli/wulfa/animations/dialog/a_actor_wulfa_dialog_virtual_single_walk_l.fbx##a_actor_wulfa_dialog_virtual_single_walk_l,assets/beyond/arts/entity/actor/loli/wulfa/animations/dialog/a_actor_wulfa_dialog_virtual_single_walk_l.fbx,True,False,1,False,4.4,60.0,199892,92862,main/636f71abb24d06fbd528f689.ab
chr_0028_wulfa,wulfa,Loli,dialog,walk_single,a_actor_wulfa_dialog_virtual_single_walk_m,assets/beyond/arts/entity/actor/loli/wulfa/animations/dialog/a_actor_wulfa_dialog_virtual_single_walk_m.fbx##a_actor_wulfa_dialog_virtual_single_walk_m,assets/beyond/arts/entity/actor/loli/wulfa/animations/dialog/a_actor_wulfa_dialog_virtual_single_walk_m.fbx,True,False,1,False,3.6166668,60.0,169380,42298,main/2cae597d2b22d1439ff80677.ab
chr_0028_wulfa,wulfa,Loli,dialog,walk_single,a_actor_wulfa_dialog_virtual_single_walk_s,assets/beyond/arts/entity/actor/loli/wulfa/animations/dialog/a_actor_wulfa_dialog_virtual_single_walk_s.fbx##a_actor_wulfa_dialog_virtual_single_walk_s,assets/beyond/arts/entity/actor/loli/wulfa/animations/dialog/a_actor_wulfa_dialog_virtual_single_walk_s.fbx,True,False,1,False,3.3333335,60.0,161946,52405,main/37a17cd58d070db986265bc1.ab
chr_0030_zhuangfy,zhuangfy,Lady,dialog,walk_other,a_actor_zhuangfy_dialog_state_handbackwalk_end,assets/beyond/arts/entity/actor/lady/zhuangfy/animations/dialog/a_actor_zhuangfy_dialog_state_handbackwalk.fbx##a_actor_zhuangfy_dialog_state_handbackwalk_end,assets/beyond/arts/entity/actor/lady/zhuangfy/animations/dialog/a_actor_zhuangfy_dialog_state_handbackwalk.fbx,True,False,1,False,1.9833336,60.0,186964,182347,main/c40e51c41157952da8b82729.ab
chr_0030_zhuangfy,zhuangfy,Lady,dialog,walk_loop_named,a_actor_zhuangfy_dialog_state_handbackwalk_loop,assets/beyond/arts/entity/actor/lady/zhuangfy/animations/dialog/a_actor_zhuangfy_dialog_state_handbackwalk.fbx##a_actor_zhuangfy_dialog_state_handbackwalk_loop,assets/beyond/arts/entity/actor/lady/zhuangfy/animations/dialog/a_actor_zhuangfy_dialog_state_handbackwalk.fbx,True,True,1,False,1.9000001,60.0,183204,182347,main/c40e51c41157952da8b82729.ab
chr_0030_zhuangfy,zhuangfy,Lady,dialog,walk_other,a_actor_zhuangfy_dialog_state_handbackwalk_start,assets/beyond/arts/entity/actor/lady/zhuangfy/animations/dialog/a_actor_zhuangfy_dialog_state_handbackwalk.fbx##a_actor_zhuangfy_dialog_state_handbackwalk_start,assets/beyond/arts/entity/actor/lady/zhuangfy/animations/dialog/a_actor_zhuangfy_dialog_state_handbackwalk.fbx,True,False,1,False,2.9,60.0,247018,182347,main/c40e51c41157952da8b82729.ab
chr_0030_zhuangfy,zhuangfy,Lady,dialog,walk_single,a_actor_zhuangfy_dialog_virtual_single_walk_l,assets/beyond/arts/entity/actor/lady/zhuangfy/animations/dialog/a_actor_zhuangfy_dialog_virtual_single_walk_l.fbx##a_actor_zhuangfy_dialog_virtual_single_walk_l,assets/beyond/arts/entity/actor/lady/zhuangfy/animations/dialog/a_actor_zhuangfy_dialog_virtual_single_walk_l.fbx,True,False,1,False,4.400368,60.0,355812,133115,main/8eda5ebfe93fff8b911d480a.ab
chr_0030_zhuangfy,zhuangfy,Lady,dialog,walk_single,a_actor_zhuangfy_dialog_virtual_single_walk_m,assets/beyond/arts/entity/actor/lady/zhuangfy/animations/dialog/a_actor_zhuangfy_dialog_virtual_single_walk_m.fbx##a_actor_zhuangfy_dialog_virtual_single_walk_m,assets/beyond/arts/entity/actor/lady/zhuangfy/animations/dialog/a_actor_zhuangfy_dialog_virtual_single_walk_m.fbx,True,False,1,False,3.616969,60.0,312298,159442,main/ab4e6b9adbfc8cecd7aaefb1.ab
chr_0030_zhuangfy,zhuangfy,Lady,dialog,walk_single,a_actor_zhuangfy_dialog_virtual_single_walk_s,assets/beyond/arts/entity/actor/lady/zhuangfy/animations/dialog/a_actor_zhuangfy_dialog_virtual_single_walk_s.fbx##a_actor_zhuangfy_dialog_virtual_single_walk_s,assets/beyond/arts/entity/actor/lady/zhuangfy/animations/dialog/a_actor_zhuangfy_dialog_virtual_single_walk_s.fbx,True,False,1,False,3.3333335,60.0,267678,103859,main/6f4aff65a842ff5295bafec1.ab
chr_0031_mifu,mifu,Lady,dialog,walk_other,a_actor_mifu_dialog_state_walk_end,assets/beyond/arts/entity/actor/lady/mifu/animations/dialog/a_actor_mifu_dialog_state_walk.fbx##a_actor_mifu_dialog_state_walk_end,assets/beyond/arts/entity/actor/lady/mifu/animations/dialog/a_actor_mifu_dialog_state_walk.fbx,True,False,1,False,3.4833336,60.0,250970,120248,main/80e91c2825c0a3759433d45f.ab
chr_0031_mifu,mifu,Lady,dialog,walk_loop_named,a_actor_mifu_dialog_state_walk_loop,assets/beyond/arts/entity/actor/lady/mifu/animations/dialog/a_actor_mifu_dialog_state_walk.fbx##a_actor_mifu_dialog_state_walk_loop,assets/beyond/arts/entity/actor/lady/mifu/animations/dialog/a_actor_mifu_dialog_state_walk.fbx,True,True,1,False,2.0833335,60.0,179680,120248,main/80e91c2825c0a3759433d45f.ab
chr_0031_mifu,mifu,Lady,dialog,walk_other,a_actor_mifu_dialog_state_walk_start,assets/beyond/arts/entity/actor/lady/mifu/animations/dialog/a_actor_mifu_dialog_state_walk.fbx##a_actor_mifu_dialog_state_walk_start,assets/beyond/arts/entity/actor/lady/mifu/animations/dialog/a_actor_mifu_dialog_state_walk.fbx,True,False,1,False,1.6000001,60.0,152384,120248,main/80e91c2825c0a3759433d45f.ab
chr_0031_mifu,mifu,Lady,dialog,walk_single,a_actor_mifu_dialog_virtual_single_walk_l,assets/beyond/arts/entity/actor/lady/mifu/animations/dialog/a_actor_mifu_dialog_virtual_single_walk_l.fbx##a_actor_mifu_dialog_virtual_single_walk_l,assets/beyond/arts/entity/actor/lady/mifu/animations/dialog/a_actor_mifu_dialog_virtual_single_walk_l.fbx,True,False,1,False,4.4,60.0,269188,71750,main/4c75d18b5346ad1d65fc4d1f.ab
chr_0031_mifu,mifu,Lady,dialog,walk_single,a_actor_mifu_dialog_virtual_single_walk_m,assets/beyond/arts/entity/actor/lady/mifu/animations/dialog/a_actor_mifu_dialog_virtual_single_walk_m.fbx##a_actor_mifu_dialog_virtual_single_walk_m,assets/beyond/arts/entity/actor/lady/mifu/animations/dialog/a_actor_mifu_dialog_virtual_single_walk_m.fbx,True,False,1,False,3.6166668,60.0,225216,80134,main/55a8bab211fb6fa808f0a940.ab
chr_0031_mifu,mifu,Lady,dialog,walk_single,a_actor_mifu_dialog_virtual_single_walk_s,assets/beyond/arts/entity/actor/lady/mifu/animations/dialog/a_actor_mifu_dialog_virtual_single_walk_s.fbx##a_actor_mifu_dialog_virtual_single_walk_s,assets/beyond/arts/entity/actor/lady/mifu/animations/dialog/a_actor_mifu_dialog_virtual_single_walk_s.fbx,True,False,1,False,3.3333335,60.0,205870,120654,main/815b551eba2e3f78864deac0.ab
chr_0032_lizhiyan,lizhiyan,Girl,dialog,walk_additive,a_actor_lizhiyan_dialog_single_walk_loop_hurt_additive,assets/beyond/arts/entity/actor/girl/lizhiyan/animations/dialog/a_actor_lizhiyan_dialog_single_walk_loop_hurt_additive.fbx##a_actor_lizhiyan_dialog_single_walk_loop_hurt_additive,assets/beyond/arts/entity/actor/girl/lizhiyan/animations/dialog/a_actor_lizhiyan_dialog_single_walk_loop_hurt_additive.fbx,True,True,1,False,1.0666667,60.0,150298,132823,main/8e7f907650fa2af51c5f8175.ab
chr_0032_lizhiyan,lizhiyan,Girl,dialog,walk_single,a_actor_lizhiyan_dialog_virtual_single_walk_l,assets/beyond/arts/entity/actor/girl/lizhiyan/animations/dialog/a_actor_lizhiyan_dialog_virtual_single_walk_l.fbx##a_actor_lizhiyan_dialog_virtual_single_walk_l,assets/beyond/arts/entity/actor/girl/lizhiyan/animations/dialog/a_actor_lizhiyan_dialog_virtual_single_walk_l.fbx,True,False,1,False,4.4,60.0,200490,173984,main/bb0f92d842d18d073eeafca5.ab
chr_0032_lizhiyan,lizhiyan,Girl,dialog,walk_single,a_actor_lizhiyan_dialog_virtual_single_walk_m,assets/beyond/arts/entity/actor/girl/lizhiyan/animations/dialog/a_actor_lizhiyan_dialog_virtual_single_walk_m.fbx##a_actor_lizhiyan_dialog_virtual_single_walk_m,assets/beyond/arts/entity/actor/girl/lizhiyan/animations/dialog/a_actor_lizhiyan_dialog_virtual_single_walk_m.fbx,True,False,1,False,3.6166668,60.0,169374,114728,main/7ae5f26e7048030259560f27.ab
chr_0032_lizhiyan,lizhiyan,Girl,dialog,walk_single,a_actor_lizhiyan_dialog_virtual_single_walk_s,assets/beyond/arts/entity/actor/girl/lizhiyan/animations/dialog/a_actor_lizhiyan_dialog_virtual_single_walk_s.fbx##a_actor_lizhiyan_dialog_virtual_single_walk_s,assets/beyond/arts/entity/actor/girl/lizhiyan/animations/dialog/a_actor_lizhiyan_dialog_virtual_single_walk_s.fbx,True,False,1,False,3.3333335,60.0,160514,185323,main/c747711dfd5a4f626c68df7d.ab
chr_0033_camille,camille,Boy,dialog,walk_additive,a_actor_camille_dialog_single_walk_loop_careful_additive,assets/beyond/arts/entity/actor/boy/camille/animations/dialog/a_actor_camille_dialog_single_walk_loop_careful_additive.fbx##a_actor_camille_dialog_single_walk_loop_careful_additive,assets/beyond/arts/entity/actor/boy/camille/animations/dialog/a_actor_camille_dialog_single_walk_loop_careful_additive.fbx,True,True,1,False,1.0666667,60.0,115758,41003,main/2b4c9a2dc7e519d72903f145.ab
chr_0033_camille,camille,Boy,dialog,walk_loop_named,a_actor_camille_dialog_single_walk_loop_careful_sp,assets/beyond/arts/entity/actor/boy/camille/animations/dialog/a_actor_camille_dialog_single_walk_loop_careful_sp.fbx##a_actor_camille_dialog_single_walk_loop_careful_sp,assets/beyond/arts/entity/actor/boy/camille/animations/dialog/a_actor_camille_dialog_single_walk_loop_careful_sp.fbx,True,False,1,False,5.6833334,60.0,321200,2309,main/0166d8dfd3eb504b3207c2af.ab
chr_0033_camille,camille,Boy,dialog,walk_other,a_actor_camille_dialog_single_walk_stop_l,assets/beyond/arts/entity/actor/boy/camille/animations/dialog/a_actor_camille_dialog_single_walk_stop_l.fbx##a_actor_camille_dialog_single_walk_stop_l,assets/beyond/arts/entity/actor/boy/camille/animations/dialog/a_actor_camille_dialog_single_walk_stop_l.fbx,True,False,1,False,2.5666668,60.0,159910,144081,main/9abb499fffece5858301ad20.ab
chr_0033_camille,camille,Boy,dialog,walk_other,a_actor_camille_dialog_single_walk_stop_r,assets/beyond/arts/entity/actor/boy/camille/animations/dialog/a_actor_camille_dialog_single_walk_stop_r.fbx##a_actor_camille_dialog_single_walk_stop_r,assets/beyond/arts/entity/actor/boy/camille/animations/dialog/a_actor_camille_dialog_single_walk_stop_r.fbx,True,False,1,False,2.5666668,60.0,166930,4995,main/045d7f007fcd2ff6118add7b.ab
chr_0033_camille,camille,Boy,dialog,walk_single,a_actor_camille_dialog_virtual_single_walk_l,assets/beyond/arts/entity/actor/boy/camille/animations/dialog/a_actor_camille_dialog_virtual_single_walk_l.fbx##a_actor_camille_dialog_virtual_single_walk_l,assets/beyond/arts/entity/actor/boy/camille/animations/dialog/a_actor_camille_dialog_virtual_single_walk_l.fbx,True,False,1,False,4.7333336,60.0,253804,99737,main/6addc2b18aba608790015103.ab
chr_0033_camille,camille,Boy,dialog,walk_single,a_actor_camille_dialog_virtual_single_walk_m,assets/beyond/arts/entity/actor/boy/camille/animations/dialog/a_actor_camille_dialog_virtual_single_walk_m.fbx##a_actor_camille_dialog_virtual_single_walk_m,assets/beyond/arts/entity/actor/boy/camille/animations/dialog/a_actor_camille_dialog_virtual_single_walk_m.fbx,True,False,1,False,3.766667,60.0,205966,74585,main/4f96b7ffc6bf4c4f8933378b.ab
chr_0033_camille,camille,Boy,dialog,walk_single,a_actor_camille_dialog_virtual_single_walk_s,assets/beyond/arts/entity/actor/boy/camille/animations/dialog/a_actor_camille_dialog_virtual_single_walk_s.fbx##a_actor_camille_dialog_virtual_single_walk_s,assets/beyond/arts/entity/actor/boy/camille/animations/dialog/a_actor_camille_dialog_virtual_single_walk_s.fbx,True,False,1,False,4.0,60.0,205394,25439,main/1a6cc4afc418221989a52ec9.ab
chr_0035_liino,liino,Girl,dialog,walk_other,a_actor_liino_dialog_single_walk_start_l_0_r,assets/beyond/arts/entity/actor/girl/liino/animations/dialog/a_actor_liino_dialog_single_walk_start_l_0_r.fbx##a_actor_liino_dialog_single_walk_start_l_0_r,assets/beyond/arts/entity/actor/girl/liino/animations/dialog/a_actor_liino_dialog_single_walk_start_l_0_r.fbx,True,False,1,False,1.6666667,60.0,208284,100476,main/6ba6553e28f2111aebeab733.ab
chr_0035_liino,liino,Girl,dialog,walk_other,a_actor_liino_dialog_single_walk_stop_l,assets/beyond/arts/entity/actor/girl/liino/animations/dialog/a_actor_liino_dialog_single_walk_stop_l.fbx##a_actor_liino_dialog_single_walk_stop_l,assets/beyond/arts/entity/actor/girl/liino/animations/dialog/a_actor_liino_dialog_single_walk_stop_l.fbx,True,False,1,False,2.5666668,60.0,255530,189635,main/cc006a753dfea19b3ba6da37.ab
chr_0035_liino,liino,Girl,dialog,walk_other,a_actor_liino_dialog_single_walk_stop_r,assets/beyond/arts/entity/actor/girl/liino/animations/dialog/a_actor_liino_dialog_single_walk_stop_r.fbx##a_actor_liino_dialog_single_walk_stop_r,assets/beyond/arts/entity/actor/girl/liino/animations/dialog/a_actor_liino_dialog_single_walk_stop_r.fbx,True,False,1,False,2.5666668,60.0,253132,122589,main/8361416973282ff5f8dcbb29.ab
chr_0035_liino,liino,Girl,dialog,walk_single,a_actor_liino_dialog_virtual_single_walk_l,assets/beyond/arts/entity/actor/girl/liino/animations/dialog/a_actor_liino_dialog_virtual_single_walk_l.fbx##a_actor_liino_dialog_virtual_single_walk_l,assets/beyond/arts/entity/actor/girl/liino/animations/dialog/a_actor_liino_dialog_virtual_single_walk_l.fbx,True,False,1,False,4.4,60.0,370868,142926,main/996c55f98b253a5b463f51a3.ab
chr_0035_liino,liino,Girl,dialog,walk_single,a_actor_liino_dialog_virtual_single_walk_m,assets/beyond/arts/entity/actor/girl/liino/animations/dialog/a_actor_liino_dialog_virtual_single_walk_m.fbx##a_actor_liino_dialog_virtual_single_walk_m,assets/beyond/arts/entity/actor/girl/liino/animations/dialog/a_actor_liino_dialog_virtual_single_walk_m.fbx,True,False,1,False,3.6166668,60.0,313604,24142,main/1905578a0906d3258d04165f.ab
chr_0035_liino,liino,Girl,dialog,walk_single,a_actor_liino_dialog_virtual_single_walk_s,assets/beyond/arts/entity/actor/girl/liino/animations/dialog/a_actor_liino_dialog_virtual_single_walk_s.fbx##a_actor_liino_dialog_virtual_single_walk_s,assets/beyond/arts/entity/actor/girl/liino/animations/dialog/a_actor_liino_dialog_virtual_single_walk_s.fbx,True,False,1,False,3.3333335,60.0,288870,1531,main/008793ff2848990564db39f6.ab
chr_0036_jsspsi,jsspsi,Girl,dialog,walk_other,a_actor_jsspsi_dialog_single_walk_start_l_0_r,assets/beyond/arts/entity/actor/girl/jsspsi/animations/dialog/a_actor_jsspsi_dialog_single_walk_start_l_0_r.fbx##a_actor_jsspsi_dialog_single_walk_start_l_0_r,assets/beyond/arts/entity/actor/girl/jsspsi/animations/dialog/a_actor_jsspsi_dialog_single_walk_start_l_0_r.fbx,True,False,1,False,1.6666667,60.0,225766,60070,main/3fdacb73ef4149140552e0c2.ab
chr_0036_jsspsi,jsspsi,Girl,dialog,walk_other,a_actor_jsspsi_dialog_single_walk_stop_l,assets/beyond/arts/entity/actor/girl/jsspsi/animations/dialog/a_actor_jsspsi_dialog_single_walk_stop_l.fbx##a_actor_jsspsi_dialog_single_walk_stop_l,assets/beyond/arts/entity/actor/girl/jsspsi/animations/dialog/a_actor_jsspsi_dialog_single_walk_stop_l.fbx,True,False,1,False,2.5666668,60.0,287454,133923,main/8fb7183d6d4a904afad29533.ab
chr_0036_jsspsi,jsspsi,Girl,dialog,walk_other,a_actor_jsspsi_dialog_single_walk_stop_r,assets/beyond/arts/entity/actor/girl/jsspsi/animations/dialog/a_actor_jsspsi_dialog_single_walk_stop_r.fbx##a_actor_jsspsi_dialog_single_walk_stop_r,assets/beyond/arts/entity/actor/girl/jsspsi/animations/dialog/a_actor_jsspsi_dialog_single_walk_stop_r.fbx,True,False,1,False,2.5666668,60.0,299430,48979,main/33de657eb10b14ab89a7a41f.ab
chr_0036_jsspsi,jsspsi,Girl,dialog,walk_single,a_actor_jsspsi_dialog_virtual_single_walk_l,assets/beyond/arts/entity/actor/girl/jsspsi/animations/dialog/a_actor_jsspsi_dialog_virtual_single_walk_l.fbx##a_actor_jsspsi_dialog_virtual_single_walk_l,assets/beyond/arts/entity/actor/girl/jsspsi/animations/dialog/a_actor_jsspsi_dialog_virtual_single_walk_l.fbx,True,False,1,False,4.4,60.0,385800,227399,main/f4b46b406d84b6a841cbabe6.ab
chr_0036_jsspsi,jsspsi,Girl,dialog,walk_single,a_actor_jsspsi_dialog_virtual_single_walk_m,assets/beyond/arts/entity/actor/girl/jsspsi/animations/dialog/a_actor_jsspsi_dialog_virtual_single_walk_m.fbx##a_actor_jsspsi_dialog_virtual_single_walk_m,assets/beyond/arts/entity/actor/girl/jsspsi/animations/dialog/a_actor_jsspsi_dialog_virtual_single_walk_m.fbx,True,False,1,False,3.6166668,60.0,317090,155130,main/a6a940b7d4afcfc5415bd31a.ab
chr_0036_jsspsi,jsspsi,Girl,dialog,walk_single,a_actor_jsspsi_dialog_virtual_single_walk_s,assets/beyond/arts/entity/actor/girl/jsspsi/animations/dialog/a_actor_jsspsi_dialog_virtual_single_walk_s.fbx##a_actor_jsspsi_dialog_virtual_single_walk_s,assets/beyond/arts/entity/actor/girl/jsspsi/animations/dialog/a_actor_jsspsi_dialog_virtual_single_walk_s.fbx,True,False,1,False,3.3333335,60.0,290116,181827,main/c37d09b5e2ac7cff4f7b718f.ab
